channel,gross_sales_mln,percentage
Retailer,1924170397.9096,73.21712806
Direct,406686873.9033,15.47495220
Distributor,297175879.7188,11.30791975
